id;nombrecompleto;telefono;correoelectronico;Nombreusuario;Cuenta_id
1;Ana García Pérez;678123456;ana.garcia@email.com;anagarcia;66
2;José López Martínez;612987654;jose.lopez@email.com;joselopez;41
3;María Rodríguez Sánchez;655234567;maria.rodriguez@email.com;mariarodriguez;1
4;David Fernández González;633345678;david.fernandez@email.com;davidfernandez;34
5;Laura Martín Romero;644456789;laura.martin@email.com;lauramartin;2
6;Carlos Pérez García;600567890;carlos.perez@email.com;carlosperez;62
7;Sofía González López;677678901;sofia.gonzalez@email.com;sofiagonzalez;63
8;Pablo Romero Martínez;688789012;pablo.romero@email.com;pabloromero;73
9;Isabel Sánchez Rodríguez;655890123;isabel.sanchez@email.com;isabelsanchez;62
10;Adrián López Fernández;633901234;adrian.lopez@email.com;adrianlopez;64
11;Andrea Rodríguez García;644012345;andrea.rodriguez@email.com;andrearodriguez;65
12;Javier Fernández Pérez;600123456;javier.fernandez@email.com;javierfernandez;44
13;Paula Martín Sánchez;677234567;paula.martin@email.com;paulamartin;71
14;Alejandro Pérez Romero;688345678;alejandro.perez@email.com;alejandroperez;14
15;Elena González Martínez;655456789;elena.gonzalez@email.com;elenagonzalez;27
16;Miguel Romero López;633567890;miguel.romero@email.com;miguelromero;69
17;Valeria Sánchez García;644678901;valeria.sanchez@email.com;valeriasanchez;76
18;Daniel López Sánchez;600789012;daniel.lopez@email.com;daniellopez;26
19;Alba Rodríguez Pérez;677890123;alba.rodriguez@email.com;albarodriguez;2
20;Iván Fernández Martínez;688901234;ivan.fernandez@email.com;ivanfernandez;38
21;Carmen Martín García;655012345;carmen.martin@email.com;carmenmartin;38
22;Rubén Pérez Romero;633123456;ruben.perez@email.com;rubenperez;51
23;Sara González Sánchez;644234567;sara.gonzalez@email.com;saragonzalez;74
24;Aitor Romero López;600345678;aitor.romero@email.com;aitorromero;21
25;Natalia López García;677456789;natalia.lopez@email.com;natalialopez;31
26;Hugo Rodríguez Martínez;688567890;hugo.rodriguez@email.com;hugorodriguez;59
27;Olivia Fernández Pérez;655678901;olivia.fernandez@email.com;oliviafernandez;2
28;Diego Martín Sánchez;633789012;diego.martin@email.com;diegomartin;43
29;Valentina Pérez Romero;644890123;valentina.perez@email.com;valentinaperez;51
30;Álvaro González Martínez;600901234;alvaro.gonzalez@email.com;alvarogonzalez;50
31;Aurora Guillén Delgado;+34 871256380;salcedolucho@example.org;salcedolucho;3
32;Osvaldo de Ferrández;+34 800 298 398;ofeliaferrero@example.com;ofeliaferrero;27
33;Marc del Bou;+34 873 301 562;cletoalberdi@example.org;cletoalberdi;39
34;Milagros del Pizarro;34825901131;morcillonicanor@example.net;morcillonicanor;47
35;Vidal Cabanillas;+34 926592662;irocamora@example.com;irocamora;13
36;Hermenegildo Belda-Casal;+34 803266917;alemanarmida@example.net;alemanarmida;47
37;Ascensión Molina Sola;+34 949719596;polconcepcion@example.net;polconcepcion;46
38;Jesús Néstor Carrión Benito;+34 846 05 63 72;wjerez@example.com;wjerez;13
39;Adán Losada Barco;+34 877084928;figuerolajoaquin@example.org;figuerolajoaquin;21
40;Maxi Pintor Raya;+34 928 78 82 67;abril02@example.com;abr-02;49
41;Ciríaco González Martí;34972934998;canopurificacion@example.net;canopurificacion;43
42;Priscila Roca Castejón;+34 707268685;dferrando@example.org;dferrando;21
43;Trinidad Fuster Iniesta;+34847 848 718;narciso56@example.org;narciso56;25
44;Óscar Fito Fonseca Hidalgo;34920975307;casandraayuso@example.org;casandraayuso;24
45;Segismundo del Mateo;+34 926 53 30 80;crocha@example.net;crocha;2
46;Guiomar de Escobar;34977068407;hidalgojose-mari@example.com;hidalgojose-mari;17
47;Nieves de Quiroga;+34987 68 96 73;apolonia83@example.net;apolonia83;20
48;Maxi Quevedo Garmendia;+34706 483 140;magdalenaramon@example.org;magdalenaramon;19
49;Teo Molina;34844676935;teresa63@example.org;teresa63;2
50;Flora Marti Mas;+34928 30 32 48;pastor47@example.net;pastor47;20
51;Ibán Hernandez;+34 848 664 928;pastorapedro@example.org;pastorapedro;49
52;Jordán Corbacho;+34 830834291;urrutiaaraceli@example.net;urrutiaaraceli;5
53;Carla Pomares-Núñez;+34874 750 208;querolcatalina@example.com;querolcatalina;6
54;Germán Pedrosa Piña;+34944 71 15 14;bibianacabello@example.net;bibianacabello;3
55;Anselma Cámara;+34800 759 134;samanta00@example.com;samanta00;34
56;Ángeles Guardia Escamilla;+34 741188904;eroldan@example.net;eroldan;3
57;Pepe Castrillo Martín;+34 827 197 844;tiburcio46@example.org;tiburcio46;22
58;Olalla de Mata;+34981 722 181;cortesanunciacion@example.com;cortesanunciacion;24
59;Loreto Mendez;34973310384;alosada@example.net;alosada;29
60;Juan Bautista Velasco Cid;+34 806129876;toledomacario@example.com;toledomacario;36
61;Roberta Herrero;+34 971 39 00 98;haydeearnaiz@example.com;haydeearnaiz;9
62;Etelvina Murcia Céspedes;34828326977;gilabertobdulia@example.org;gilabertobdulia;41
63;Aitana Nicolás Rojas;34849394642;candelariomendoza@example.net;candelariomendoza;26
64;Silvia Alegria-León;+34 878 25 77 56;evelia73@example.net;evelia73;18
65;Rosendo Escudero Flor;34885064530;marta39@example.org;marta39;7
66;Vanesa de Jódar;34847529088;dantunez@example.com;dantunez;13
67;Graciano Juárez-Mínguez;+34 885 212 150;nando50@example.com;nando50;25
68;Gregorio Mármol Garcia;+34 824 32 59 94;navarretearsenio@example.net;navarretearsenio;11
69;Javier Castro-Cerro;+34 942 914 722;ysaez@example.com;ysaez;25
70;Juan Bautista Aramburu Simó;+34 875 94 88 62;rmorante@example.org;rmorante;25
71;Anna Sanmiguel Andres;+34985 227 707;olimpiasoriano@example.com;olimpiasoriano;20
72;Lilia Nicolasa Moles Alvarez;+34 900 52 51 99;nguzman@example.net;nguzman;42
73;Edgardo Galan Matas;+34 820903336;cabanasnatanael@example.net;cabanasnatanael;26
74;Saturnino Lucas Marcos;+34 948 763 379;azaharasalinas@example.net;azaharasalinas;27
75;Victor Torrent Aroca;+34 946468861;silviarobledo@example.com;silviarobledo;28
76;Adelia del Roselló;+34 986 44 41 97;hcrespo@example.net;hcrespo;34
77;Benita Ruiz;+34877 073 094;fortunatoguzman@example.org;fortunatoguzman;48
78;Ale Aramburu Laguna;+34 944 750 187;silvestreherrero@example.com;silvestreherrero;14
79;Chelo Valbuena-Belmonte;+34623 38 48 10;eugeniacoca@example.com;eugeniacoca;2
80;Rita Meléndez Dávila;+34920 544 672;mpallares@example.net;mpallares;47
81;Serafina Vicens Torrent;+34969 744 023;satienza@example.com;satienza;27
82;Maristela Vicente Zurita;+34730 252 239;zrodriguez@example.org;zrodriguez;22
83;Luis Vergara Alfonso;+34873 11 12 11;ibarraencarnacion@example.org;ibarraencarnacion;15
84;Leandra Robledo Barroso;+34980 16 92 70;zaida54@example.org;zaida54;14
85;Inocencio Amorós;+34818 45 29 46;rubenbenitez@example.com;rubenbenitez;41
86;Gastón Mínguez Zurita;34712974360;iledesma@example.org;iledesma;3
87;Sandra Pina Baró;34980533394;qortuno@example.org;qortuno;31
88;Gaspar Martin;34872900521;ggutierrez@example.net;ggutierrez;25
89;Florentina Coca Reguera;+34 980 604 053;pinogoyo@example.com;pinogoyo;42
90;Mónica Monreal Castilla;+34927 592 304;maricela83@example.org;maricela83;33
91;Iris Jiménez Rincón;+34930 88 61 12;trinicastello@example.com;trinicastello;31
92;Liliana Torre;+34 985314171;qtomas@example.com;qtomas;1
93;Eligia Camino Cárdenas;+34 986 69 06 07;borjamedina@example.net;borjamedina;7
94;Danilo del Morata;+34 836237620;uriatatiana@example.net;uriatatiana;28
95;Cloe Redondo Sosa;34883513666;balduinootero@example.org;balduinootero;28
96;Jesús Moll Cepeda;+34 902 93 30 84;bruvera@example.org;bruvera;6
97;María Manuela Morán Medina;+34 979422934;benitaquerol@example.net;benitaquerol;44
98;Samuel Juan Francisco Casals Lamas;+34 902837262;antunezleire@example.com;antunezleire;8
99;Anacleto Calderon-Tejero;+34984 454 543;eveliacuellar@example.org;eveliacuellar;41
100;Hermenegildo del Benavente;+34986 85 54 05;holmedo@example.org;holmedo;9
101;Héctor Borja Bastida;+34988 458 801;francojoel@example.org;francojoel;49
102;Caridad Barranco Vaquero;+34820 18 13 95;cabrerosalomon@example.com;cabrerosalomon;8
103;Raúl Cuadrado Pazos;+34 879 483 130;arseniopol@example.net;arseniopol;12
104;Trini Bárcena Haro;34725158373;asaura@example.org;asaura;5
105;Itziar Valverde Martínez;+34821 021 261;ndonaire@example.net;ndonaire;24
106;Florencia Fabiola Murillo Bellido;+34 986 235 137;lsolis@example.com;lsolis;18
107;Priscila Chaparro-Palomares;34882351956;roldanaznar@example.org;roldanaznar;41
108;Kike Agustín Cuenca;+34902 413 304;kcapdevila@example.com;kcapdevila;27
109;Feliciano Puig Querol;+34690 359 658;jbonet@example.org;jbonet;26
110;Arsenio Santana Elorza;+34 949 82 61 36;alvaro47@example.net;alvaro47;6
111;Eloísa Teruel-Arana;+34986 30 73 31;danielahernandez@example.net;danielahernandez;38
112;Rubén Miró Salom;+34920 41 43 94;tejerazaida@example.com;tejerazaida;48
113;Bartolomé Muñoz Salinas;+34841 24 99 26;tomasamaya@example.org;tomasamaya;48
114;Marcela Montaña Castelló;+34748 532 897;renemenendez@example.net;renemenendez;47
115;Valerio Perez Escrivá;+34 924 80 11 49;estradarosalia@example.org;estradarosalia;12
116;Azeneth Zaragoza Amador;+34 923 42 60 68;wcornejo@example.com;wcornejo;41
117;Clementina de Quesada;+34972 44 88 22;julia37@example.net;julia37;16
118;Ofelia Carranza Campo;+34 883602806;nicanormanso@example.org;nicanormanso;12
119;Fermín Arellano Benavent;+34972 846 191;lamasmario@example.org;lamasmario;38
120;Joaquina Salas Vigil;+34 975 67 95 38;penacelso@example.com;penacelso;40
121;Joaquina Torrents;+34849 423 253;qbastida@example.net;qbastida;39
122;Baltasar Martinez;+34843 54 08 87;leonardo02@example.org;leonardo02;24
123;Rafael Vaquero Figueras;+34841 62 63 52;teocamino@example.org;teocamino;26
124;Berta Ugarte Llorens;+34 875973363;regulo85@example.org;regulo85;14
125;Bernardino Díaz Narváez;+34807 140 750;carrillogonzalo@example.com;carrillogonzalo;2
126;Marciano Pera Arias;+34 723 463 244;elena87@example.org;elena87;3
127;Marisa Sobrino;+34878 74 09 44;irma80@example.com;irma80;2
128;Telmo Adán Riba;+34 902 90 75 26;emilioguillen@example.org;emilioguillen;44
129;Telmo León Viñas Gárate;+34942 385 193;bermejomarciano@example.com;bermejomarciano;10
130;Ana Vergara Viñas;+34 811 979 356;busquetseugenio@example.net;busquetseugenio;23
